Generation,Max Fitness,Avg Fitness,Success Count
1,20886.324797385605,3945.4057249546368,2
